{"base_lr": 0.0001, "lr": 0.0001, "data_time": 0.004889564514160156, "grad_norm": 120.42141704559326, "loss": 67.4356746673584, "loss_cls": 1.034048798084259, "loss_bbox": 3.0881755995750426, "loss_iou": 1.6633531844615936, "d0.loss_cls": 0.9471431064605713, "d0.loss_bbox": 3.4622287559509277, "d0.loss_iou": 1.7159441387653351, "d1.loss_cls": 1.1003808748722077, "d1.loss_bbox": 3.3653554415702818, "d1.loss_iou": 1.696124632358551, "d2.loss_cls": 1.0964921188354493, "d2.loss_bbox": 3.2730590695142747, "d2.loss_iou": 1.688243477344513, "d3.loss_cls": 1.4278407990932465, "d3.loss_bbox": 3.214108240604401, "d3.loss_iou": 1.6787175023555756, "d4.loss_cls": 1.0917754435539246, "d4.loss_bbox": 3.139174321889877, "d4.loss_iou": 1.6783289980888367, "enc_loss_cls": 1.0535072243213655, "enc_loss_bbox": 3.466116015911102, "enc_loss_iou": 1.7256072402000426, "dn_loss_cls": 0.7297842296957969, "dn_loss_bbox": 2.281939330101013, "dn_loss_iou": 1.2298869597911835, "d0.dn_loss_cls": 0.6028428515791893, "d0.dn_loss_bbox": 2.1914325046539305, "d0.dn_loss_iou": 1.2280058836936951, "d1.dn_loss_cls": 0.619444828927517, "d1.dn_loss_bbox": 2.1854267740249633, "d1.dn_loss_iou": 1.2211207389831542, "d2.dn_loss_cls": 0.7031387221813202, "d2.dn_loss_bbox": 2.1980712461471557, "d2.dn_loss_iou": 1.2200576770305633, "d3.dn_loss_cls": 0.7461652141809464, "d3.dn_loss_bbox": 2.224946882724762, "d3.dn_loss_iou": 1.2244211554527282, "d4.dn_loss_cls": 0.7401815223693847, "d4.dn_loss_bbox": 2.2555382108688353, "d4.dn_loss_iou": 1.227544025182724, "time": 0.628594160079956, "epoch": 1, "iter": 50, "memory": 15762, "step": 50}
