{"base_lr": 0.0001, "lr": 0.0001, "data_time": 0.005291090011596679, "grad_norm": 144.17863693237305, "loss": 56.088228149414064, "loss_cls": 1.3405118328332901, "loss_bbox": 2.3797873985767364, "loss_iou": 1.1587151861190796, "d0.loss_cls": 0.7377753353118897, "d0.loss_bbox": 2.70784749686718, "d0.loss_iou": 1.2655520743131639, "d1.loss_cls": 0.8591806298494339, "d1.loss_bbox": 2.584626320004463, "d1.loss_iou": 1.2204576140642167, "d2.loss_cls": 0.8929281693696975, "d2.loss_bbox": 2.5162274873256685, "d2.loss_iou": 1.1966931545734405, "d3.loss_cls": 0.9329066395759582, "d3.loss_bbox": 2.477702839374542, "d3.loss_iou": 1.173705141544342, "d4.loss_cls": 1.3029075062274933, "d4.loss_bbox": 2.42787109375, "d4.loss_iou": 1.1694977939128877, "enc_loss_cls": 0.8740863084793091, "enc_loss_bbox": 2.7479545068740845, "enc_loss_iou": 1.2877490043640136, "dn_loss_cls": 0.5469990280270577, "dn_loss_bbox": 2.2921606373786925, "dn_loss_iou": 1.2006775879859923, "d0.dn_loss_cls": 0.23973177701234819, "d0.dn_loss_bbox": 2.2385565352439882, "d0.dn_loss_iou": 1.2162062227725983, "d1.dn_loss_cls": 0.22509753584861755, "d1.dn_loss_bbox": 2.232538661956787, "d1.dn_loss_iou": 1.2098794853687287, "d2.dn_loss_cls": 0.2543977263569832, "d2.dn_loss_bbox": 2.2398175978660584, "d2.dn_loss_iou": 1.206256639957428, "d3.dn_loss_cls": 0.32492566615343094, "d3.dn_loss_bbox": 2.2533977580070497, "d3.dn_loss_iou": 1.2039070117473603, "d4.dn_loss_cls": 0.47671292632818224, "d4.dn_loss_bbox": 2.2706166887283326, "d4.dn_loss_iou": 1.2016649067401886, "time": 0.6655753946304321, "epoch": 1, "iter": 50, "memory": 15511, "step": 50}
